ID,Label
ID_ADHEtjTi,
ID_AHfJktdQ,
ID_AUJIHpZr,
ID_AUKYBbIM,
ID_AZnsVPEi,
ID_AcEmtLNf,
ID_AeOXSXRV,
ID_AgyQFeQn,
ID_AjOcippL,
ID_AjzKuqko,
ID_AtYxYHTe,
ID_AyKlcuII,
ID_BCcZpVbb,
ID_BDLxsYrM,
ID_BFjxDKzn,
ID_BHiycwhi,
ID_BPKOFhQH,
ID_BRhpMuVP,
ID_BSyTynBa,
ID_BVixdsDf,
ID_BYTupytC,
ID_BbAkaXLa,
ID_BjLvFnkh,
ID_BjzRuprk,
ID_BugZvzXU,
ID_CANiWAeO,
ID_CBpEoLgh,
ID_CJFckMlM,
ID_CLFkuAHT,
ID_CMBLAzAY,
ID_CNQztgFD,
ID_CNbveyvk,
ID_CWcVYAQq,
ID_CcPVDyLd,
ID_CgpwzAvx,
ID_CnBdfRNN,
ID_DCyNgqHP,
ID_DGvBfQpq,
ID_DHUJdPWn,
ID_DUamJMpj,
ID_DZscLZlB,
ID_DaJlsiEY,
ID_DbDMKQNq,
ID_DceQPvFY,
ID_DcmwbSpF,
ID_DfbhJMQN,
ID_DiKAsmSx,
ID_DkNZmjeX,
ID_DvKpsrBg,
ID_DyHSedWk,
ID_EArNhUda,
ID_EGPJuAtm,
ID_EHaCfpWj,
ID_EKBLCilh,
ID_EclMgyUS,
ID_EhOshbTa,
ID_EhxpVyRX,
ID_EifoVLgn,
ID_EmJPzNDP,
ID_EpiExOuM,
ID_EqkeMLWS,
ID_ErJPiypU,
ID_FFadwznf,
ID_FLeHlVUy,
ID_FNWRqPeU,
ID_FOsQOmtB,
ID_FQfGsORO,
ID_FWXPegqX,
ID_FbmxLBEg,
ID_FcWUbnOa,
ID_FgGkHaEF,
ID_FiNNPTxr,
ID_FjGUiTrs,
ID_FzwxCoyj,
ID_GCNHNGMZ,
ID_GDtTRlPe,
ID_GINvEwFI,
ID_GKwLzKgy,
ID_GOSxfZEC,
ID_GPkkKBXb,
ID_GTNvHbdi,
ID_GYRcHOYo,
ID_GngCDUHN,
ID_GwoDdZnr,
ID_GzSQwTnY,
ID_HCVSORZe,
ID_HCmpjUVy,
ID_HEwfEIXA,
ID_HFqOBwfZ,
ID_HIvyXxtS,
ID_HMLIkMGI,
ID_HUrfvnJD,
ID_HYPhbdtX,
ID_HbGPApML,
ID_Hdwdogzt,
ID_HnRCdApd,
ID_HquDBwrI,
ID_HtNrYCGR,
ID_HvbvXgZS,
ID_HwuMwNqg,
ID_HzqEklQM,
ID_ICzddUex,
ID_IEeMEhtM,
ID_IIADkcql,
ID_IJMqBDqo,
ID_ILNMNDHU,
ID_IOaQZPeL,
ID_IRFdOXfH,
ID_ISZxvXAz,
ID_IYVHkPFc,
ID_IebaQyEh,
ID_IhbgeOud,
ID_IoknmxmI,
ID_IsJZmadN,
ID_IuLQmPJX,
ID_IwNnylGK,
ID_JCiClLlb,
ID_JDLbygPA,
ID_JDxgCvbS,
ID_JFsqEpxf,
ID_JIQRVdMI,
ID_JJGWUIcP,
ID_JNFKBVSn,
ID_JQoYyhyZ,
ID_JUwBXyMo,
ID_JVQjlQlp,
ID_JhRAELrS,
ID_JlGShLsr,
ID_JloZeVqT,
ID_JmwTVEFc,
ID_JqVQfLOR,
ID_JsKlqGQU,
ID_JvrMXfUK,
ID_JxoCnTZy,
ID_JxrMwzFM,
ID_KOheitcn,
ID_KfpbTwuR,
ID_KiNTyfWU,
ID_KneGxuEg,
ID_KpkDNZxv,
ID_KplkFCOe,
ID_KybCveaT,
ID_LDAElJZF,
ID_LUtKgGQn,
ID_LeDMjFpQ,
ID_LgnvOrZR,
ID_LmrVfNuZ,
ID_LtHozHCB,
ID_MFbgYKgP,
ID_MIveKKMt,
ID_MQGAKDDz,
ID_MQHWugZx,
ID_MRgtmCeD,
ID_MVVPXxjG,
ID_MclKMhyP,
ID_MdKsoIHC,
ID_MhXpTtdX,
ID_MkwfktdW,
ID_MlhNAhRm,
ID_MmApcVMT,
ID_MpMKBVeg,
ID_MpcVmaXz,
ID_MpgPQiuF,
ID_MrrPAezD,
ID_MwGRLEhB,
ID_MxJKiHNr,
ID_MyAxzbte,
ID_NCxrzLnc,
ID_NDYxFjoN,
ID_NIriTIzW,
ID_NKdAzWYo,
ID_NNzLdwDF,
ID_NSYkdONa,
ID_NUpqNhYa,
ID_NUzGufvF,
ID_NbckcvSG,
ID_NkAxOVtI,
ID_NoDFSjzN,
ID_NqmTxrAa,
ID_NvFCWqHe,
ID_OCFIzoSz,
ID_OEjosNoR,
ID_OEucZWGC,
ID_OGHGylQI,
ID_OHwFDyGr,
ID_OOhqpUOq,
ID_OSdWloXg,
ID_OSdqELEH,
ID_OSqLregQ,
ID_OTcHiEnK,
ID_OVsEeYBt,
ID_OWdnbMbA,
ID_OabUIDAU,
ID_OfIKKuML,
ID_OhTcDpdl,
ID_OlMYVZHE,
ID_OwDYeiEH,
ID_OyCTzBow,
ID_PEEqhFJr,
ID_PGjOaWrd,
ID_PPnqWfuA,
ID_PRmneDQV,
ID_PorNKlIX,
ID_PqWhwXkp,
ID_PtjshlCW,
ID_QEYsaBRz,
ID_QJBziUDu,
ID_QKhgBmRE,
ID_QLJnvhlV,
ID_QNmNFRhL,
ID_QOqMZwqK,
ID_QWVGFbvJ,
ID_QbzBdgMN,
ID_QcFxAfPr,
ID_QeUNCuEs,
ID_QmpKiqEc,
ID_QnUWzadP,
ID_QxfDIqdn,
ID_REUrPtRf,
ID_RJytdlRU,
ID_RNexxswi,
ID_RSkvPSfT,
ID_RUSykQAH,
ID_RYCUdYWM,
ID_RbLGzVAk,
ID_RgrOVXtV,
ID_RkiiZwAC,
ID_SDxfFUsy,
ID_SEQgejmW,
ID_ShsGuVmx,
ID_SkRPoSoE,
ID_SqFiBheN,
ID_SvmhUqmE,
ID_SzZkVkrs,
ID_TVZujVCn,
ID_TYxHKvny,
ID_TanclvfR,
ID_TdgomQuy,
ID_TdmTcwyd,
ID_UKfNRPRA,
ID_UNpzRUwY,
ID_UXqRdKCC,
ID_UbtGdjCc,
ID_UcKskEJQ,
ID_UdCMVMtC,
ID_UnGBdUES,
ID_UuIHYMyj,
ID_UugFtnUZ,
ID_UvDKOYne,
ID_VAqGeHUm,
ID_VCqaBUWB,
ID_VQXUAxNz,
ID_VZwNttAt,
ID_ViBSsdnw,
ID_VjdwgUIQ,
ID_Voggjdyn,
ID_VrwBnJLA,
ID_WBHfeSDY,
ID_WEnZGHPW,
ID_WIsqiMIA,
ID_WLzItPlz,
ID_WQxmUyNV,
ID_WRLCvEYf,
ID_WRrjKeev,
ID_WUGNNIho,
ID_WWeYdMfE,
ID_WdZkZlhp,
ID_WfmIaZSt,
ID_WhkkOzQZ,
ID_WkkXMhGB,
ID_WmVIvpKr,
ID_WptnlaNE,
ID_WsJANeZd,
ID_WvowCxUx,
ID_WzGTciJE,
ID_WzondryR,
ID_XECzcFUd,
ID_XOcdYOGH,
ID_XPlOMmFW,
ID_XTPBHoeT,
ID_XZLqOzJy,
ID_XbBHIVeL,
ID_XgZHGzNj,
ID_XhBhqCuL,
ID_XrEQVcDN,
ID_YNBpMXQT,
ID_YdTnzXtK,
ID_YdeglMpo,
ID_YfvuQVnu,
ID_YhmxjqFW,
ID_YteIqBhn,
ID_YtgrITJx,
ID_YxkWkASG,
ID_ZFmLwcco,
ID_ZHOOyVKY,
ID_ZItrHGDM,
ID_ZLQGiOUu,
ID_ZNUdqUBT,
ID_ZVRLnJVp,
ID_ZWuiBPai,
ID_ZdjYmgYS,
ID_ZeRQSkYm,
ID_ZtQGPjkA,
ID_ZtjabGBK,
ID_ZuSVRPGA,
ID_aCTTSnJV,
ID_aEcMoGxq,
ID_aOfQGIRO,
ID_aWgTcIRK,
ID_aZFpXpPA,
ID_aeskGsUx,
ID_ahkRRIqa,
ID_aoLpuvJR,
ID_aqhjMwnV,
ID_azbVcAzy,
ID_bEoLYYGX,
ID_bGbndqcI,
ID_bIWlbHVC,
ID_bMpMazLm,
ID_bZleAkmX,
ID_bdgzMiJv,
ID_beZylagp,
ID_bxSSTKVw,
ID_cEFMRawn,
ID_cSduPYYR,
ID_cVAHPaJJ,
ID_cXNrXsPl,
ID_cccVBGHq,
ID_cgrjHlWM,
ID_chVAnIhJ,
ID_cwIyimGc,
ID_dKMSTGdU,
ID_dOAFLXgP,
ID_dTXiIwhg,
ID_dVzQDWRr,
ID_dXQrLBVZ,
ID_dZjXsMob,
ID_dbRCbVkn,
ID_ddcwZQBK,
ID_dhHWslsu,
ID_djvOzqFd,
ID_dlcQKKYZ,
ID_dqZNTDHZ,
ID_dqeRIKlH,
ID_dvTDLjST,
ID_dzNaTOqi,
ID_eCJzliVf,
ID_eDFJDedq,
ID_eHhCyJBJ,
ID_eJpJZzoj,
ID_eMurEQxw,
ID_eQuoXYHR,
ID_eRIJbvjx,
ID_eROQZnRL,
ID_eTAeDJqT,
ID_eVApiFho,
ID_eVCGhPAn,
ID_eZdcVolL,
ID_eaTqdPbI,
ID_efEfgKzW,
ID_efSzcmaq,
ID_elLSceTJ,
ID_eoWzqYeA,
ID_esUSgdIC,
ID_eyAVetOA,
ID_fGEmVPhR,
ID_fJpeCdHA,
ID_fMgSPhqc,
ID_fPhetAXQ,
ID_fTVMsJSG,
ID_fUBTaMXV,
ID_fUGOfLoh,
ID_fXmkzAYe,
ID_fmWzbvhe,
ID_fqvJPmqI,
ID_frLAzzlY,
ID_fuwSgsSB,
ID_fwJulVcU,
ID_fwnlFMCa,
ID_gNnORoJy,
ID_gQUKBvSd,
ID_gWypxzeL,
ID_gXoNxZxq,
ID_gdSGsoTn,
ID_gggBcgSt,
ID_glZTFNJf,
ID_goBLpsZg,
ID_gpwWjPsD,
ID_gzOZEksr,
ID_hBiabWXV,
ID_hEEYhyha,
ID_hSmKRoTK,
ID_hXQNnZDV,
ID_hXrMYaWo,
ID_hkJRNBdG,
ID_hldteXlS,
ID_hlksDjgM,
ID_hsHNhqWw,
ID_hsbFGmtW,
ID_htipzLng,
ID_hxRcQKLG,
ID_iAgaGHwE,
ID_iBojkdeF,
ID_iIjMKMRc,
ID_iMhZmFns,
ID_iPNQDyvG,
ID_iRRSzuRE,
ID_iTNHXzjj,
ID_iUeUIXZM,
ID_iobpMUaj,
ID_iuBoGzNS,
ID_ixCVLknP,
ID_ixLcdBaj,
ID_jAVyECzv,
ID_jAsEvVyG,
ID_jGADcQne,
ID_jMGffZTX,
ID_jPBfsXEX,
ID_jWbXIFhV,
ID_jfAJRaeP,
ID_jkuLmbib,
ID_jsfnbbTP,
ID_jusWJbGn,
ID_kChpRIzG,
ID_kDfBKwSh,
ID_kGfpruTz,
ID_kLtrMnln,
ID_kOIKAGGq,
ID_kQAkQkYd,
ID_kafJTNBV,
ID_khgBKEOc,
ID_kllGikKe,
ID_lAMEhYLJ,
ID_lHMwXkLK,
ID_lMJcbqWV,
ID_lPYiWTXw,
ID_lUitoSgy,
ID_lUkdxrOl,
ID_lYTFJVVU,
ID_lfKzquJV,
ID_lkjZNmwo,
ID_mAKzuREI,
ID_mGOLpIoE,
ID_mKaODodw,
ID_mOCtJtiq,
ID_mTWJYvLi,
ID_maHxAUrj,
ID_mjniZWfY,
ID_mlHYFmrJ,
ID_mnWXryCN,
ID_mrAezJvz,
ID_mrhOiQSn,
ID_msCwNErW,
ID_mtJAQpaJ,
ID_nBcSHBRO,
ID_nFaCyCzz,
ID_nJOjxdgR,
ID_nLKyfYhG,
ID_nPJYbrvt,
ID_nTTsgmEx,
ID_nTnAitVP,
ID_nUeZEWcD,
ID_nXIjVrhy,
ID_narjsJXf,
ID_nhzBeIzf,
ID_njtuboUz,
ID_nmjEsPxW,
ID_npVkKVxX,
ID_nwWsswqZ,
ID_nyAesysa,
ID_nzCUgwKI,
ID_oIBqvjtQ,
ID_oLiOoGZT,
ID_oOFBnFdh,
ID_oPLTMqit,
ID_obZAXGDj,
ID_ocHGDyah,
ID_otQVLfxq,
ID_ovMLiNyc,
ID_pAKwJwei,
ID_pBOZOMxp,
ID_pIjgTXQE,
ID_pOBxbmVT,
ID_pSPOPvZB,
ID_pVOYlegr,
ID_pXqtKtzb,
ID_pYHUwiJY,
ID_padldKQh,
ID_pcjOXdqH,
ID_pfPSFcSL,
ID_piZxambP,
ID_pqokbYlh,
ID_qDcGsRYH,
ID_qFaSwbLt,
ID_qHftBJKS,
ID_qOuLBzgl,
ID_qPSOUOBY,
ID_qSPwARVY,
ID_qTumZJuG,
ID_qgwDwsXW,
ID_qhUCDvHo,
ID_qklGQnfO,
ID_qopAfEMo,
ID_quXFRPkA,
ID_rIkPdtZy,
ID_rNrmXOGD,
ID_rOtYYSNZ,
ID_rQcEDOqz,
ID_rczRHtLP,
ID_rdhYekQn,
ID_rfNFssik,
ID_rgDYRbII,
ID_rgdmGEWz,
ID_rgjPjUJi,
ID_rkAaKYoj,
ID_rniUkWzB,
ID_rsdvpMil,
ID_rvMwCicu,
ID_rwOcqJoF,
ID_rwlbHAne,
ID_sCqabvWj,
ID_sDfvscvw,
ID_sQaPRMWO,
ID_sSTjMIqJ,
ID_sTAMrcDd,
ID_sbIFnYRi,
ID_scNLzXJv,
ID_sdCEjwuQ,
ID_sdDMZWhF,
ID_sluGXbji,
ID_ssCJOFsW,
ID_stlmPpMa,
ID_svdCUWNM,
ID_svwkzBOi,
ID_tFfiDEWd,
ID_tOQLbiJb,
ID_tPdscofA,
ID_tVKoJeyj,
ID_tVfxqwwV,
ID_tjcAiuSC,
ID_tmrojzuW,
ID_tqzFuBeq,
ID_tunUmsSl,
ID_twRjrvPw,
ID_tweFxSFy,
ID_txvYoPIj,
ID_uAjkiWEM,
ID_uIisDYtF,
ID_uXwztWFn,
ID_ucaXQrMv,
ID_uelRAIMS,
ID_uiuetMCq,
ID_umEygTdl,
ID_umjjRknq,
ID_uoLJnghI,
ID_uxPzkAEu,
ID_vCYoSXHp,
ID_vMdHCDxM,
ID_vOEutmyB,
ID_vOiLkjoQ,
ID_vPDiRoDD,
ID_vPtlcBcC,
ID_vaAVQglJ,
ID_vqiKShpI,
ID_vqupvNVT,
ID_vrcLmgKc,
ID_wCFZNHXe,
ID_wELWVzJT,
ID_wGIUvHRj,
ID_wInszHyR,
ID_wLzKfBrB,
ID_wOzwFrCO,
ID_wPNZsraS,
ID_wUCQIOvV,
ID_wUIixNLG,
ID_wZwFHzTC,
ID_wcXZqTdT,
ID_weaDFYvf,
ID_whKWZzoj,
ID_wlmfUEjb,
ID_wnFvLhBU,
ID_wrIvLKVk,
ID_wzHUhldy,
ID_xDHFcJwA,
ID_xJeJBNxt,
ID_xLCxooCQ,
ID_xLIFGqXt,
ID_xOPvEpYq,
ID_xatsHGtL,
ID_xbRPzvVh,
ID_xeKzHcbE,
ID_xgsSIzNb,
ID_xwCEXqpz,
ID_xwknnGqq,
ID_xwmQQjyu,
ID_xxYXdaqw,
ID_xzHsFQMg,
ID_yAfbGWkd,
ID_yBiCuCqp,
ID_yKabBqjW,
ID_yLlttryD,
ID_yOQNyHjE,
ID_yPLbZVkn,
ID_yTNYSlNX,
ID_yfISBTjE,
ID_yiVknFsb,
ID_ylZzFewW,
ID_yqUnIvav,
ID_yuKPTDnK,
ID_zCAXhuXR,
ID_zGoTzrga,
ID_zIgwtvGj,
ID_zNisxgGw,
ID_zUmFzwBT,
ID_zZEXtjvh,
ID_zdpOUWyJ,
ID_zhnOomuu,
ID_zmWHvBJb,
ID_zphjdFIb,
ID_ztdtrNxt,
